id,site,job_url,job_url_direct,title,company,location,date_posted,job_type,salary_source,interval,min_amount,max_amount,currency,is_remote,job_level,job_function,listing_type,emails,description,company_industry,company_url,company_logo,company_url_direct,company_addresses,company_num_employees,company_revenue,company_description,skills,experience_range,company_rating,company_reviews_count,vacancy_count,work_from_home_type
in-1954446c79d9c3ae,indeed,https://in.indeed.com/viewjob?jk=1954446c79d9c3ae,http://in.indeed.com/job/data-analyst-1954446c79d9c3ae,Data Analyst,Sun Pharmaceuticals laboratories Ltd,"Remote, IN",2026-06-24,"parttime, internship",,,,,,True,,,,,"A Data analyst, gathers, arranges, and records information into computerized databases. Their duties include checking the information included in the documents for accuracy and consistency, and update digital databases and archives. They compile and arrange papers in preparation for processing.

* Data analyst professionals are responsible for handling large amounts of data, including collecting and accurately inputting it into databases, verifying existing information and ensuring data security and confidentiality.
* Data analyst positions typically require fast and accurate typing skills, proficiency in spreadsheet and text\-processing software, basic research abilities and relevant education or certification training.
* Data analyst require essential skills including attention to detail, organisation abilities, basic computer proficiency, effective time management and strong communication skills to perform their responsibilities efficiently.

Contact On WhatsApp \+91 9360462992

9360462992, 9360462992

Pay: ₹15,073\.00 \- ₹45,155\.00 per month

Benefits:

* Flexible schedule
* Internet reimbursement
* Leave encashment
* Life insurance
* Paid sick time
* Provident Fund
* Work from home

Work Location: Remote",,https://in.indeed.com/cmp/Sun-Pharmaceuticals-Laboratories-Ltd,,,,,,,,,,,,
in-6222af7849c97756,indeed,https://in.indeed.com/viewjob?jk=6222af7849c97756,https://nordsonhcm.wd501.myworkdayjobs.com/en-US/nordsoncareers/job/India---Remote/Data-Analyst-I---AMS_REQ51702,Data Analyst I - AMS,Nordson,"Remote, IN",2026-06-24,fulltime,,,,,,True,,,,,"Extracts knowledge and insights from high volume, high dimensional data in order to investigate complex business problems through a range of data preparation, modeling, analysis and/or visualization techniques, which may include the use of advanced statistical analysis, algorithms, predictive modeling, experimentation and pattern recognition to create solutions that enable enhanced business performance. Examines and identifies data patterns and trends to help answer business questions and improve decision making. Provides inputs for complex Data Science and Big Data Mining projects. Identifies areas to increase efficiency and automation of data analysis processes.
Nordson seeks an experienced data analyst with expertise in Power BI, MS Azure and Denodo. In your role as a Data Analyst, you will be responsible for Customer Requirements, Troubleshooting, Power BI Development, and Testing across functional teams and across multiple Nordson Business units. Your responsibilities include software development, customer interfacing, data analysis, and Denodo configuration with data initiatives and ensuring a consistent data delivery is put in place throughout ongoing projects.


**Essential Job Duties and Responsibilities**

* Design and implement corporate Power BI solutions interfacing with Azure services such as Azure SQL Database, Azure Synapse and Azure Data Lake Storage
* Develop and maintain Service Now data to enact DnA solutions
* Understand and help maintain corporate Denodo architecture
* Create and maintain Denodo metadata
* Understand business objectives, define performance metrics and drive data\-driven strategies to achieve them.
* Work cross\-functionally to support multiple key stakeholders and provide insights
* Work with the DnA Team and Business users to create Business Intelligence visualizations
* Evaluate ServiceNow issues to identify and recommend solutions to strategic DnA issues
* Perform complex data analysis, identify the root cause of system and process issues, and develop solutions
* Assess the end\-to\-end process and identify opportunities for enhancement; develop dashboards and report insights
* Define objectives per business requirements; assist business analysts, data analysts, and data scientists in analyzing the data

**Education and Experience Requirements**

* Experience in large\-scale datasets, analysing data to solve business problems, and presenting impactful insights to all levels of a corporate hierarchy
* Knowledge of SQL and NoSQL tools used in data modelling and data mining processes
* Experience in data warehousing and understanding of data extraction techniques like ETL processing
* Ability to collaborate with multiple business partners and thrive in a fast\-paced environment
* Interpret insights from quantitative and qualitative data.
* Technical leadership to mentor other analysts to ensure best practices.
* Bachelor’s degree in Computer Science, Business Informatics, Mathematics or similar field

**Preferred Skills and Abilities**

* Experience in data analysis and developing technological business strategies
* Knowledge of SQL and cloud data warehousing technologies, including Denodo
* Strong analytical mindset and creative problem\-solving skills
* Experience in using BI and data visualization tools like Tableau, Power BI and Looker
* Excellent verbal and written communication skills

**Working Conditions and Physical Demands**

To perform this job successfully, an individual must be able to perform each essential duty satisfactorily. The requirements listed above are representative of the knowledge, skill, and/or ability required. Reasonable accommodation may be made to enable individuals with disabilities to perform the essential functions.


The employee is regularly required to sit; use hands to finger, handle, or feel; and talk or hear. The employee is occasionally required to stand, walk, and reach with hands and arms; requires close vision ability. Noise level is usually moderate.


**Travel Required** 

None
 

Minimal
 

Estimated",,https://in.indeed.com/cmp/Nordson,https://d2q79iu7y748jz.cloudfront.net/s/_squarelogo/256x256/51029d02aa1373e062b5c028c4242237,http://www.nordson.com,,"1,001 to 5,000",Decline to state,Nordson Corporation delivers precision technology solutions to help customers succeed worldwide.,,,,,,
in-68c417e1d14f74f1,indeed,https://in.indeed.com/viewjob?jk=68c417e1d14f74f1,http://in.indeed.com/job/international-risk-analyst-68c417e1d14f74f1,International Risk Analyst,Vanguardvisor,"Remote, IN",2026-06-24,parttime,,,,,,True,,,,,"Join our global monitoring team to track geopolitical developments, assess emerging threats, and deliver actionable insights for strategic decision\-making.

**Key Responsibilities:**

* Monitor worldwide news and trends impacting international markets.
* Evaluate risks tied to political instability, economic shifts, and conflicts.
* Collaborate cross\-functionally to distill complex information into clear recommendations.

**Ideal Candidate:**

* Background in international relations, political area, or related fields.
* Prior experience in political fields preferred.
* Strong analytical skills and ability to communicate findings effectively.
* Self\-driven with a knack for meeting tight deadlines.

**Why Apply?**

Work alongside industry experts, influence high\-stakes projects, and sharpen your expertise in global risk intelligence.

Pay: ₹276,189\.83 \- ₹1,347,865\.85 per year

Benefits:

* Flexible schedule

Work Location: Remote",,https://in.indeed.com/cmp/Vanguardvisor,,,,,,,,,,,,
in-71eea98586fe6487,indeed,https://in.indeed.com/viewjob?jk=71eea98586fe6487,http://in.indeed.com/job/digital-marketing-analyst-71eea98586fe6487,Digital Marketing Analyst,IT WEB SERVICES,"Remote, IN",2026-06-24,fulltime,,,,,,True,,,,career@itwebservices.co,"Hello,

Requirement for lead generation specialist.

We're IT WEB SERVICES, specialist in software application development.

We're looking for the dedicated resources for digital marketing executive \& lead generation of IT software products.

**Job description \& roles \& responsibilities :**

* Manage and grow social media accounts Social Media account handling(Facebook, Instagram).
* Develop and execute targeted WhatsApp marketing campaigns
* Use the LinkedIn paid / free version to generate the prospects leads.
* Collect, analyze, and organize data on potential leads, market trends
* Identify and join relevant industry associations or groups to expand the network and Participate in association events, webinars to grow business relationships.
* Plan, promote, and execute webinars to engage with potential leads
* Develop and execute email marketing campaigns that nurture prospects
* Understand the product and their potential market
* Research on the sources to target potential market(paid/free)
* Research on travel associations for domestic \& international and make the listing of association chairman/voice chairman.
* Build the relation with association management
* Data gathering strategy of domestic \& international travel agents, tour operators \& DMC's.
* Research and maintain lead generation database
* Conduct customer research
* Conduct client or market surveys to obtain information about potential leads
* Research and planning to participate in travel exhibition
* Provide accurate and timely information to management
* Develop a strong knowledge of the company’s products and services in order to facilitate the sales process
* Achieve the target from tele callers team to generate the lead
* Weekly, Monthly, Quarterly planning with the lead generation team (tele callers, digital marketing) and motivate team to achieve the target.
* Planning on company growth

**General Responsibilities:**

\>\> Maintain a dedicated and distraction\-free workspace at home.

\>\> Ensure reliable internet connectivity and necessary technical requirements.

\>\> Adhere to company policies, procedures, and confidentiality agreements.

\>\> Meet productivity and performance standards.

\>\> Communicate effectively with colleagues and management through digital channels.

**Performance Metrics:**

\>\> Adhere to company policies, procedures, and compliance regulations.

\>\> Respond promptly to calls, emails, and chats.

\>\> Continuous learning and professional development.

\>\> Self\-motivation, discipline, and effective time management.

\>\> Regular check\-ins with supervisors/team leads.

\>\> Meet or exceed productivity targets.

\>\> Achieve high\-quality work standards.

\>\> Maintain consistent availability and response times.

\>\> Participate in virtual meetings and training sessions.

\>\> Adhere to deadlines and project timelines.

**Work Schedule:**

09:00AM to 06:00PM Monday to Saturday (Flexible scheduling)

Availability for overtime, holidays, or special events (as needed)

**Additional Expectations:**

1\. Self\-motivation and discipline.

2\. Effective time management.

3\. Strong communication and problem\-solving skills.

4\. Continuous learning and professional development.

Consequences of Non\-Compliance:

1\. Failure to meet performance metrics: coaching, warning, or termination.

2\. Breach of confidentiality/security: immediate termination.

3\. Non\-adherence to schedule: disciplinary actions.

**Benefits :**

\# professional Training

\# Experience Certificate

\# Salary (Depends on candidates Interview)

\# Training \& guidelines

\# Office input

Interested candidates can send the resume on career@itwebservices.co

Job Types: Full\-time, Permanent, Fresher

Schedule:

* Day shift
* Morning shift

Experience:

* total work: 1 year (Preferred)

Work Location: Remote

Pay: ₹10,061\.52 \- ₹20,988\.08 per month

Benefits:

* Cell phone reimbursement
* Flexible schedule
* Paid sick time
* Work from home

Work Location: Remote",,https://in.indeed.com/cmp/IT-Web-Services,,,,,,,,,,,,
in-f9cd62402cc86277,indeed,https://in.indeed.com/viewjob?jk=f9cd62402cc86277,https://jabil.wd5.myworkdayjobs.com/en-US/Jabil_Careers/job/Remote---India/Senior-Analyst_J2444674,Senior Analyst,Jabil,"Remote, IN",2026-06-24,fulltime,,,,,,True,,,,_Accessible@Jabil.com,"At Jabil (NYSE: JBL), we are proud to be a trusted partner for the world's top brands, offering comprehensive engineering, supply chain, and manufacturing solutions. With 60 years of experience across industries and a vast network of over 100 sites worldwide, Jabil combines global reach with local expertise to deliver both scalable and customized solutions. Our commitment extends beyond business success as we strive to build sustainable processes that minimize environmental impact and foster vibrant and diverse communities around the globe.  

The Procurement Analyst / Senior Analyst role (level based upon experience) is a high\-visibility position that provides extensive opportunities to foster and grow your consulting career under the direction and guidance of a dynamic management and Partner team. Our Analysts engage directly with our clients on various Procurement and Supply Chain related initiatives focused on improving efficiency, driving effectiveness, and increasing their ability to influence spending and drive value through their organizations.


1\. What can you expect to do? Strategic Sourcing Analytics \& Support  



  

* In this role, you will gain exposure \& experience in working with cross\-functional teams on various projects, ranging from spend analysis, forecasting, \& consolidation.
* Conduct quantitative \& qualitative assessments to develop TCO \& Should Cost models and present your findings to key client stakeholders by leveraging presentation, data analytics, advanced Excel competencies
* Facilitate execution of end\-to\-end Sourcing process from requirements gathering, demand forecasting, budget baselining, value engineering, RFx development, Go \- to Market strategy development, and supplier negotiation.
Support development of category strategies including spend, supplier \& industry best practices benchmarking to drive data\-driven decision making for client objectives. Reporting \& Procurement Operations Administration
  

* In this role, you will be expected to support project budget, historical spend, savings projected vs. actuals, and value delivery tracking.
* Report and update contract, change orders, supplier performance (dashboards, KPIs, SLAs, etc.), supplier risk (financial, ethics, regulatory, etc.), and life cycle management.
* Manages day\-to\-day procurement processes: Purchase Requisition (PREQ) to Purchase Order (PO) conversion, Change Order (CO) processing, and ad\-hoc PO administration.
* Supports execution of the ad\-hoc sourcing requests to provide excellent and timely customer service to all internal customers inquiring about transactional requirements, statuses, and/or general processes.
* Participate in client report\-outs, process improvement \& data optimization exercises.
* This person will take direction from stakeholders at different levels, produce quality work with minimal detailed oversight, and report status to team leads.
2\. What is the experience needed to be successful in this role?  



  

* Previous experience in Supply Chain / Procurement
* 5\+ years previous supply chain, procurement, or consulting experience with a Fortune 1,000 company
* Expert level skills with financial assessments, data assessments, MS Excel (including pivot tables), creating charts and graphs, and creating MS PowerPoint presentations
* At least one year of Procure\-To\-Pay platform experience (Ariba, Coupa, etc.) is highly preferred
* Ability to work creatively and quantitatively in a problem\-solving environment
Ability to work comfortably with all levels of the organization
  

* Ability to work in a fast\-paced team environment
* Self\-starter, multi\-task, flexible, demonstrating initiative and confidence
* Excellent communication skills (written and verbal), including formal presentation skills
* Good organizational, multi\-tasking, and time management skills
* Adaptable communication ability to conform to the varied corporate cultures and organizational structures of our customers
* Supply chain and procurement assessments: interviewing, modeling and analytics, report writing
* Strategic Sourcing Initiatives: scoping, market and supplier research, RFx (development, management, and evaluation), negotiations
* Internal: benchmarking, client research, proposal development, and other internal projects
* Developing technical efficiency with spend assessments and visibility tools to scope opportunity assessments, e.g., create spend assessments, establish baseline spend, and calculate realized savings from sourcing events
* Hands on experience on procurement tools like SAP, Ariba, Coupa etc.
* Sourcing experience in one of the categories such as , IT, Professional Services, CAPEX, MRO, Marketing, Facilities Mgmt., Utilities, Logistics, Office Supplies etc.
3\. Why you should apply:  



  

At ProcureAbility, we have an amazing team of collaborative, fun, and passionate employees:
  

* Excellent growth and advancement opportunities that reward strong performance
* Direct access and mentoring with executives
* The ability to grow your expertise through exposure to a variety of projects and industries
Family\-like atmosphere and an entrepreneurial work environment  



  

* The ability to participate in firm strategic planning, drive internal initiatives, and attend industry conferences ProcureAbility is proud to be an Equal Employment Opportunity and Affirmative Action Employer. We do not discriminate based upon race, religion, color, national origin, gender, sexual orientation, gender identity, gender expression, age, status as a person with a disability, or other applicable legally protected characteristics.
BE AWARE OF FRAUD: When applying for a job at Jabil you will be contacted via correspondence through our official job portal with a jabil.com e\-mail address; direct phone call from a member of the Jabil team; or direct e\-mail with a jabil.com e\-mail address. Jabil does not request payments for interviews or at any other point during the hiring process. Jabil will not ask for your personal identifying information such as a social security number, birth certificate, financial institution, driver’s license number or passport information over the phone or via e\-mail. If you believe you are a victim of identity theft, contact your local police department. Any scam job listings should be reported to whatever website it was posted in.
**Jabil, including its subsidiaries, is an equal opportunity employer and considers qualified applicants for employment without regard to race, color, religion, national origin, sex, sexual orientation, gender identity, age, disability, genetic information, veteran status, or any other characteristic protected by law.**

**Accessibility Accommodation**
===============================

If you are a qualified individual with a disability, you have the right to request a reasonable accommodation if you are unable or limited in your ability to use or access Jabil.com/Careers site as a result of your disability. You can request a reasonable accommodation by sending an e\-mail to Always\_Accessible@Jabil.com with the nature of your request and contact information. Please do not direct any other general employment related questions to this e\-mail. Please note that only those inquiries concerning a request for reasonable accommodation will be responded to.  

\#whereyoubelong",,https://in.indeed.com/cmp/Jabil-176d8576,https://d2q79iu7y748jz.cloudfront.net/s/_squarelogo/256x256/b2823ea9f2f69181da350d6d5954835e,http://www.jabil.com,"Saint Petersburg, FL","10,000+",more than $10B (USD),"At Jabil, we are proud to be a trusted engineering, supply chain, and manufacturing partner for the world's top brands.",,,,,,
in-526fe41568cec1e6,indeed,https://in.indeed.com/viewjob?jk=526fe41568cec1e6,https://job-boards.greenhouse.io/ocrolusinc/jobs/6092444004,"Product Analyst, Tech Platform & Data",Ocrolus,"Remote, IN",2026-06-23,,,,,,,True,,,,,"Come build at the intersection of AI and fintech. At Ocrolus, we’re on a mission to help lenders automate workflows with confidence—streamlining how financial institutions evaluate borrowers and enabling faster, more accurate lending decisions.



Our AI workflow and analytics platform for lenders is trusted at scale, processing nearly one million credit applications every month across small business, mortgage, and consumer lending. By integrating state\-of\-the\-art open\- and closed\-source AI models with our human\-in\-the\-loop verification engine, Ocrolus captures data from financial documents with over 99% accuracy. Thanks to our advanced fraud detection and comprehensive cash flow and income analytics, our customers achieve greater efficiency in risk management, and provide expanded access to credit—ultimately creating a more inclusive financial system.



Trusted by more than 400 customers—including industry leaders like Better Mortgage, Brex, Enova, Nova Credit, PayPal, Plaid, SoFi, and Square—Ocrolus stands at the forefront of AI innovation in fintech. Join us, and help redefine how the world’s most innovative lenders do business.


We are looking for a detail\-oriented and technically sharp Product Analyst to support the strategy and execution of our core technical platform and data infrastructure products. You will serve as the analytical backbone of the team translating data into insights, tracking platform health, and enabling better product decisions through rigorous measurement and documentation.



This is an excellent role for someone who is passionate about data, platform operations, and product craft, and who wants to grow into a senior product or data role in a fast\-paced fintech environment.


### **What you will be doing:**


#### **Analytics \& Insights:**


* Own the collection, analysis, and reporting of key platform metrics including system uptime, API latency, developer deployment frequency, and data quality scores.
* Build and maintain dashboards to track platform health and adoption trends across internal consumers.
* Proactively surface anomalies, regressions, or usage trends and translate them into clear product recommendations.

#### **Product Support \& Documentation:**


* Support the PM in writing and maintaining PRDs, epics, user stories, and acceptance criteria.
* Conduct research and competitive analysis to inform roadmap decisions.
* Document findings from stakeholder interviews, incident reviews, and backlog grooming sessions.

#### **Stakeholder Research:**


* Gather and synthesize feedback from internal platform consumers such as application developers, data analysts, and other PMs to identify friction points and unmet needs.
* Assist in running lightweight discovery sessions and translating qualitative feedback into structured problem statements.

#### **Data \& Platform Operations:**


* Monitor data pipeline health and flag issues across ingestion, transformation, and delivery layers.
* Work with Engineering and Data teams to validate data quality and ensure accuracy of reported metrics.

#### **Execution Support:**


* Track sprint progress, manage the product backlog under PM direction, and flag risks or blockers.
* Assist in preparing materials for roadmap reviews, quarterly business reviews, and executive presentations.
* Help coordinate dependency management across platform and application teams.

### **What you'll bring:**


* **2–4 years** of experience in a product analyst, data analyst, business analyst, or associate PM role, ideally in a technical or platform product environment.
* **Strong SQL proficiency** comfortable writing complex queries against data warehouses (Snowflake, BigQuery, or similar) to answer product questions independently.
* **Working knowledge of data infrastructure** concepts: data pipelines, APIs, data warehousing, and BI tools (Tableau, Metabase, etc.).
* **Familiarity with cloud and microservices environments** (AWS/GCP/Azure, REST APIs, containerization concepts) \- you don't need to write infrastructure code, but you should be able to read architecture docs and ask the right questions.
* **Clear written communication** \- able to translate technical findings into crisp summaries for both engineers and business stakeholders.
* **Experience with project/product tools** such as Jira, Confluence, or equivalent.
* Bachelor's degree in Computer Science, Engineering, Statistics, or a related analytical field or equivalent hands\-on experience.

### **Nice to Have:**


* Exposure to CI/CD pipelines, dbt, or Airflow.
* Experience in a fintech or enterprise SaaS environment.
* Familiarity with internal developer platforms (IDPs) or platform engineering concepts.
* Prior experience supporting a senior PM or working in an embedded analytics function.

### **What a Typical Day Might Look Like:**


* Pulling platform usage data from Snowflake to answer a question raised during the weekly metrics review.
* Updating the team's health dashboard after a data pipeline regression was flagged overnight.
* Drafting user stories for an upcoming sprint with acceptance criteria reviewed by the PM.
* Interviewing two internal engineering teams to document their pain points with the current data ingestion workflow.
* Preparing slide content for the PM's quarterly roadmap presentation to leadership.
**Life at Ocrolus**



We’re a team of builders, thinkers, and problem solvers who care deeply about our mission — and each other. As a fast\-growing, remote\-first company, we offer an environment where you can grow your skills, take ownership of your work, and make a meaningful impact.


**Our culture is grounded in four core values:**  

**Empathy –** Understand and serve with compassion  

**Curiosity –** Explore new ideas and question the status quo  

**Humility –** Listen, be grounded, and remain open\-minded  

**Ownership –** Love what you do, work hard, and deliver excellence



We believe diverse perspectives drive better outcomes. That’s why we’re committed to fostering an inclusive workplace where everyone has a seat at the table, regardless of race, gender, gender identity, age, disability, national origin, or any other protected characteristic.



We look forward to building the future of lending together.",,https://in.indeed.com/cmp/Ocrolus,https://d2q79iu7y748jz.cloudfront.net/s/_squarelogo/256x256/36b9d3054b216d80eda442e37bdd8e3b,https://www.ocrolus.com,New York,11 to 50,,,,,,,,
in-ade113f3a316a590,indeed,https://in.indeed.com/viewjob?jk=ade113f3a316a590,http://in.indeed.com/job/business-analyst-ade113f3a316a590,Business Analyst,Myscaai bharat construction Private Limited,"Remote, IN",2026-06-23,fulltime,,,,,,True,,,,,"Key Responsibilities

* Collaborate with stakeholders to understand business objectives, processes, and requirements.
* Gather, analyze, validate, and document functional and non\-functional requirements.
* Lead requirement elicitation workshops, stakeholder interviews, and discovery sessions.
* Prepare detailed Business Requirement Documents (BRD), Functional Requirement Documents (FRD), Software Requirement Specifications (SRS), User Stories, and Acceptance Criteria.
* Work on system integration projects involving multiple applications, APIs, third\-party systems, and enterprise platforms.
* Analyze existing systems and define integration requirements, data mapping, workflows, and business processes.
* Participate in new application development projects from concept through deployment.
* Prepare effort estimations, project scope documents, and requirement sizing in collaboration with technical teams.
* Create process flow diagrams, use cases, wireframes, workflow diagrams, and business process models.
* Support solution design discussions and ensure requirements traceability throughout the project lifecycle.
* Facilitate communication between business stakeholders, development teams, QA teams, and project managers.
* Assist in UAT planning, test case reviews, defect triaging, and user acceptance testing activities.
* Manage change requests and ensure proper impact analysis documentation.
* Ensure all BA deliverables are completed and maintained according to project standards.

**Required Skills:**

* Strong experience in Business Analysis for System Integration and Application Development projects.
* Expertise in requirement gathering, analysis, and documentation.
* Experience preparing BRD, FRD, SRS, User Stories, Use Cases, RTM, Process Flows, and Functional Specifications.
* Hands\-on experience with project estimation and effort analysis.
* Strong understanding of APIs, system integrations, data flows, and enterprise application architecture.
* Experience working in Agile, Scrum, and Waterfall methodologies.
* Knowledge of UAT, test planning, and validation processes.
* Proficiency in tools such as Jira, Confluence, Visio, Lucidchart, Azure DevOps, Microsoft Office Suite, and similar BA tools.
* Excellent analytical, problem\-solving, communication, and stakeholder management skills.

**Preferred Qualifications:**

* Bachelor's degree in Business, Information Technology, Computer Science, or a related field.
* Certification such as CBAP, CCBA, PMI\-PBA, or Agile Business Analysis is a plus.
* Experience working with enterprise applications, digital transformation, ERP, CRM, or cloud\-based solutions is desirable.

**Key Deliverables:**

* Business Requirement Documents (BRD)
* Functional Requirement Documents (FRD)
* Software Requirement Specifications (SRS)
* User Stories \& Acceptance Criteria
* Requirement Traceability Matrix (RTM)
* Process Flow Diagrams \& Use Cases
* Wireframes \& Mockups
* Integration Requirement Documents
* Effort Estimation \& Scope Documents
* UAT Documentation and Sign\-offs

Pay: ₹2,500,000\.00 \- ₹2,800,000\.00 per year

Benefits:

* Cell phone reimbursement
* Health insurance
* Paid sick time
* Provident Fund
* Work from home

Work Location: Remote",,https://in.indeed.com/cmp/Myscaai-Bharat-Construction-Private-Limited,,,,,,,,,,,,
in-546397a2785fcabd,indeed,https://in.indeed.com/viewjob?jk=546397a2785fcabd,http://in.indeed.com/job/business-analyst-intern-546397a2785fcabd,Business Analyst Intern,MOVENETICS DIGITAL PRIVATE LIMITED,"Remote, IN",2026-06-23,"fulltime, internship",,,,,,True,,,,,"We are looking for **Business Analyst Interns** (Remote) at

**MOVENETICS DIGITAL PRIVATE LIMITED**

Work Location \- **Remote**

Internship length: **6 months**

**Responsibilities**

* Collaborate with stakeholders to understand the business requirements for projects, enhancements, and processes.
* Create BRD, FRD, SRS documents.
* Create Research documents.
* Conduct comprehensive market analysis, analyzing product lines, the competitive landscape, and the overall profitability of the business.
* Engage in specialized research to uncover industry trends, benchmarking data, and understand complex business challenges to inform strategic decisions.
* Prepare, review, and document requirements, specifications, business processes, and recommendations related to proposed solutions, incorporating insights from research findings.
* Develop functional specifications and system design specifications for client engagements, informed by thorough research and analysis.
* Lead ongoing reviews of business processes and develop optimization strategies, supported by research evidence.
* Stay up\-to\-date on the latest process and IT advancements to automate and modernize systems, applying research methodologies to validate and recommend solutions.
* Conduct meetings and presentations to share ideas, findings, and research insights with both technical and non\-technical stakeholders.
* Do unit acceptance testing of the product.
* Excellent analytical, organizational, problem\-solving, and research skills.
* Exceptional verbal, written, and presentation skills, with the ability to communicate complex research findings clearly and effectively.
* A solid understanding of business practices, with a keen interest in pursuing complex research questions to resolve business challenges.

**Benefits \& Perks:**

1\. Opportunity to work and learn in enterprise AI projects

2\. Work from home Job

3\. Permanent offer on the basis of performance after internship

Pay: ₹10,000\.00 \- ₹15,000\.00 per month

Work Location: Remote",,https://in.indeed.com/cmp/Movenetics-Digital-Private-Limited,,,,,,,,,,,,
in-3c11c7337d0a480c,indeed,https://in.indeed.com/viewjob?jk=3c11c7337d0a480c,http://in.indeed.com/job/senior-seo-analyst-3c11c7337d0a480c,Senior SEO Analyst,SoloItech Services,"Remote, IN",2026-06-22,fulltime,,,,,,True,,,,,"We are looking for a results\-driven Senior SEO Analyst to lead and execute advanced search engine optimization strategies to improve organic visibility, website traffic, and search rankings. The ideal candidate will have strong technical SEO knowledge, data analysis skills, and experience managing end\-to\-end SEO campaigns.  
You will collaborate with content, development, and marketing teams to optimize websites and drive measurable growth.

Key Responsibilities :

* Develop and implement comprehensive SEO strategies to improve organic rankings and traffic.
* Perform keyword research, competitor analysis, and market research.
* Conduct technical SEO audits (crawl errors, indexing issues, site speed, mobile optimization).
* Optimize on\-page elements including meta tags, headings, content, and internal linking.
* Manage off\-page SEO strategies such as link building and outreach campaigns.
* Monitor website performance using SEO tools and analytics platforms.
* Track KPIs including rankings, traffic, conversions, and ROI.
* Identify growth opportunities and provide actionable recommendations.
* Collaborate with content teams to ensure SEO best practices.
* Generate regular SEO performance reports for stakeholders.
* Stay updated with search engine algorithms and industry trends.
* Mentor junior SEO team members (if applicable).

Required Skills \& Qualifications:

* Bachelor’s degree.
* 3\+ years of proven experience in SEO.
* Strong knowledge of on\-page, off\-page, and technical SEO.
* Experience with SEO tools (Google Analytics, Google Search Console, Ahrefs, SEMrush, Screaming Frog, etc.).
* Understanding of HTML, CSS, and website architecture.
* Strong analytical and problem\-solving skills.
* Experience with content optimization and keyword strategy.
* Excellent communication and reporting skills.

Preferred Qualifications:

* Experience with enterprise\-level SEO projects.
* Knowledge of local SEO and international SEO.
* Familiarity with CMS platforms (WordPress, Shopify, etc.).
* Basic knowledge of JavaScript SEO.
* Experience with data visualization tools.

Key Performance Indicators (KPIs):

* Organic traffic growth
* Keyword ranking improvements
* Conversion rate from organic traffic
* Technical SEO health score
* Backlink growth and quality

Job Types: Full\-time, Permanent

Benefits:

* Work from home

Job Type: Full\-time

Pay: ₹20,000\.00 \- ₹35,000\.00 per month

Work Location: Remote",,https://in.indeed.com/cmp/Soloitech-Services,,,,,,,,,,,,
in-bed3f49fc7cccf86,indeed,https://in.indeed.com/viewjob?jk=bed3f49fc7cccf86,https://career.axismaxlife.com/axismaxlife/jobview/business-system-analyst-home-office-2026042317052437,Business System Analyst,Axis Max Life Insurance,"Remote, IN",2026-06-22,,,,,,,True,,,,,"Job Description
  
  

Job TitleSpecialist BSALocationGurgaon HODepartmentDigital TechnologyFunctionInformation technologyReporting toSr. Specialist BSA / Lead BSABand4Job Summary
  
Specialist BSA will play a critical role in bridging business needs with technology solutions to enhance the digital onboarding and issuance experience for customers across Axis MaxLife’s onboarding and issuance applications. Incumbent will be responsible for providing deep technical expertise in designing and delivering end to end high performance, scalable flexible solutions encompassing responsive APIs, application data Integration, scalable databases. Incumbent would be also responsible to experiment, explore and demonstrate application of new technologies by means of conducting quick prototypes to solve business problems. Work with the direction from Solution Architect/ Enterprise Architect and co\-create solutions with rest of the IT delivery teams.
  
  

**Key Responsibilities:**  

Own and manage end‑to‑end Business Analysis responsibilities across the Application / Initiative Development Life Cycle (AIDLC)—from problem discovery, requirements shaping, solution design support, build, testing, rollout, to post‑implementation stabilization.
  
Act as a bridge between business, technology, architecture, and delivery teams, translating complex business needs into clear functional, non‑functional, and data requirements across multiple dependent systems.
  
Lead solution design collaboration with Solution Architects, Tech Leads, and Platform teams, ensuring scalability, security, compliance, and alignment with enterprise architecture standards.
  
Drive cross‑system solutioning spanning onboarding, issuance, underwriting, policy admin, document management, integrations, and external partner systems (B2B/B2C).
  
Evaluate solution options and recommend fit‑for‑purpose designs considering cost, timelines, reusability, risk, and long‑term maintainability.
  
Prepare detailed artifacts such as BRD/FRD, process flows, system interaction diagrams, API contracts, data mappings, and business rules, ensuring traceability across AIDLC stages.
  
Actively manage change impact analysis across systems and processes when introducing new capabilities or enhancements.
  
  

**Support budget management and cost awareness by:**  

Estimating effort and complexity at feature / release level
  
Tracking requirement scope to prevent cost overruns
  
Work closely with program and delivery managers to control scope, leakage, and prioritization within approved budgets and timelines.
  
Provide functional leadership during SIT/UAT, including scenario design, data setup, defect triage, root‑cause analysis, and closure coordination across teams.
  
  

**Measures of Success:**  

Alignment of IT landscape to overall vision and blue prints
  
Faster, better and cheaper delivery of applications via technology
  
Compliance to Technical principles and standards including NFR’s/VAPT
  
SLA Compliance, RCA and defect repetition
  
Exceptional user(internal/external) experience, automation and operational efficiency by adoption of new cutting edge technology solutions to solve business problems
  
Trusted partnership with other departments of IT and business
  
Team Performance, Team Feedback, Healthy working environment
  
Customer satisfaction ratings
  
  

**Key competencies/skills required:**  

5\-8 years of experience in design development of B2B, B2C applications
  
End to End designing of applications with backend integration
  
Experience on individual life insurance product launches is preferable
  
Have strong ability to trouble shoot the application and interface related problems
  
Experience in addressing scalability performance tuning of applications
  
Passionate Problem Solver and “Can do attitude”, self\-driven with sound communication articulation skills
  
BTech degree from a reputed institute
  
5\-8 years of dev/business analysis experience
  
Should have architected and delivered at least 2\-3 large projects
  
Should be working or should have worked with reputed organizations or startups
  
About Axis Max Life Insurance
  
Axis Max Life Insurance Limited, formerly known as Max Life Insurance Company Ltd., is a Joint Venture between Max Financial Services Limited (“MFSL”) and Axis Bank Limited. Axis Max Life Insurance offers comprehensive protection and long\-term savings life insurance solutions through its multi\-channel distribution, including agency and third\-party distribution partners. It has built its operations over two decades through a need\-based sales process, a customer\-centric approach to engagement and service delivery and trained human capital. As per the annual audited financials for FY2023\-24, Axis Max Life Insurance has achieved a gross written premium of INR 29,529 Cr. For more information, please visit the company website at www.maxlifeinsurance.com.
  
  

\#ComeAsYouAre LGBTQIA\+ and PwD candidates of all ages are encouraged to apply",,https://in.indeed.com/cmp/Axis-Max-Life-Insurance-1,https://d2q79iu7y748jz.cloudfront.net/s/_squarelogo/256x256/0b31dd563429206fd710b2a83eff805d,http://www.maxnewyorklife.com,Gurgaon,"1,001 to 5,000",$1B to $5B (USD),,,,,,,
in-073969b517902f7b,indeed,https://in.indeed.com/viewjob?jk=073969b517902f7b,https://career.axismaxlife.com/axismaxlife/jobview/business-system-analyst-home-office-2026042317080887,Business System Analyst,Axis Max Life Insurance,"Remote, IN",2026-06-22,,,,,,,True,,,,,"Job Description
  
  

Job TitleSpecialist BSALocationGurgaon HODepartmentDigital TechnologyFunctionInformation technologyReporting toSr. Specialist BSA / Lead BSABand4Job Summary
  
Specialist BSA will play a critical role in bridging business needs with technology solutions to enhance the digital onboarding and issuance experience for customers across Axis MaxLife’s onboarding and issuance applications. Incumbent will be responsible for providing deep technical expertise in designing and delivering end to end high performance, scalable flexible solutions encompassing responsive APIs, application data Integration, scalable databases. Incumbent would be also responsible to experiment, explore and demonstrate application of new technologies by means of conducting quick prototypes to solve business problems. Work with the direction from Solution Architect/ Enterprise Architect and co\-create solutions with rest of the IT delivery teams.
  
  

**Key Responsibilities:**  

Own and manage end‑to‑end Business Analysis responsibilities across the Application / Initiative Development Life Cycle (AIDLC)—from problem discovery, requirements shaping, solution design support, build, testing, rollout, to post‑implementation stabilization.
  
Act as a bridge between business, technology, architecture, and delivery teams, translating complex business needs into clear functional, non‑functional, and data requirements across multiple dependent systems.
  
Lead solution design collaboration with Solution Architects, Tech Leads, and Platform teams, ensuring scalability, security, compliance, and alignment with enterprise architecture standards.
  
Drive cross‑system solutioning spanning onboarding, issuance, underwriting, policy admin, document management, integrations, and external partner systems (B2B/B2C).
  
Evaluate solution options and recommend fit‑for‑purpose designs considering cost, timelines, reusability, risk, and long‑term maintainability.
  
Prepare detailed artifacts such as BRD/FRD, process flows, system interaction diagrams, API contracts, data mappings, and business rules, ensuring traceability across AIDLC stages.
  
Actively manage change impact analysis across systems and processes when introducing new capabilities or enhancements.
  
  

**Support budget management and cost awareness by:**  

Estimating effort and complexity at feature / release level
  
Tracking requirement scope to prevent cost overruns
  
Work closely with program and delivery managers to control scope, leakage, and prioritization within approved budgets and timelines.
  
Provide functional leadership during SIT/UAT, including scenario design, data setup, defect triage, root‑cause analysis, and closure coordination across teams.
  
  

**Measures of Success:**  

Alignment of IT landscape to overall vision and blue prints
  
Faster, better and cheaper delivery of applications via technology
  
Compliance to Technical principles and standards including NFR’s/VAPT
  
SLA Compliance, RCA and defect repetition
  
Exceptional user(internal/external) experience, automation and operational efficiency by adoption of new cutting edge technology solutions to solve business problems
  
Trusted partnership with other departments of IT and business
  
Team Performance, Team Feedback, Healthy working environment
  
Customer satisfaction ratings
  
  

**Key competencies/skills required:**  

5\-8 years of experience in design development of B2B, B2C applications
  
End to End designing of applications with backend integration
  
Experience on individual life insurance product launches is preferable
  
Have strong ability to trouble shoot the application and interface related problems
  
Experience in addressing scalability performance tuning of applications
  
Passionate Problem Solver and “Can do attitude”, self\-driven with sound communication articulation skills
  
BTech degree from a reputed institute
  
5\-8 years of dev/business analysis experience
  
Should have architected and delivered at least 2\-3 large projects
  
Should be working or should have worked with reputed organizations or startups
  
About Axis Max Life Insurance
  
Axis Max Life Insurance Limited, formerly known as Max Life Insurance Company Ltd., is a Joint Venture between Max Financial Services Limited (“MFSL”) and Axis Bank Limited. Axis Max Life Insurance offers comprehensive protection and long\-term savings life insurance solutions through its multi\-channel distribution, including agency and third\-party distribution partners. It has built its operations over two decades through a need\-based sales process, a customer\-centric approach to engagement and service delivery and trained human capital. As per the annual audited financials for FY2023\-24, Axis Max Life Insurance has achieved a gross written premium of INR 29,529 Cr. For more information, please visit the company website at www.maxlifeinsurance.com.
  
  

\#ComeAsYouAre LGBTQIA\+ and PwD candidates of all ages are encouraged to apply",,https://in.indeed.com/cmp/Axis-Max-Life-Insurance-1,https://d2q79iu7y748jz.cloudfront.net/s/_squarelogo/256x256/0b31dd563429206fd710b2a83eff805d,http://www.maxnewyorklife.com,Gurgaon,"1,001 to 5,000",$1B to $5B (USD),,,,,,,
in-8297bd3959c60177,indeed,https://in.indeed.com/viewjob?jk=8297bd3959c60177,https://career.axismaxlife.com/axismaxlife/jobview/senior-manager-business-system-analyst-home-office-2026042317083720,Senior Manager - Business System Analyst,Axis Max Life Insurance,"Remote, IN",2026-06-22,,,,,,,True,,,,,"Job Description
  
  

Job TitleSr. Specialist BSALocationGurgaon HODepartmentDigital TechnologyFunctionInformation technologyReporting toLead BSA / AVP – DOICBand4a
  
Job Summary
  
Sr. Specialist BSA will play a critical role in bridging business needs with technology solutions to enhance the digital onboarding and issuance experience for customers across Axis MaxLife’s onboarding and issuance applications. Incumbent will be responsible for providing deep technical expertise in designing and delivering end to end high performance, scalable flexible solutions encompassing responsive APIs, application data Integration, scalable databases. Incumbent would be also responsible to experiment, explore and demonstrate application of new technologies by means of conducting quick prototypes to solve business problems. Work with the direction from Solution Architect/ Enterprise Architect and co\-create solutions with rest of the IT delivery teams.
  
  

**Key Responsibilities:**  

Own end\-to\-end business and system requirementsfor Digital Onboarding and Issuance platforms across B2B, B2C and partner ecosystems, covering functional, non\-functional, regulatory, and operational needs.
  
Act as a consultative partner to business stakeholders, translating complex business objectives, regulatory requirements, and product strategies into scalable, technology\-aligned solutions.
  
Lead solution designin collaboration with Architects, Engineering, Data, AI and Security teams, ensuring alignment with enterprise architecture, reusability, and long\-term roadmap.
  
Driverequirements decompositioninto epics, features, user stories, and acceptance criteria with strong traceability from business outcomes to system implementation.
  
Evaluate and defineAPI\-first, integration\-led and scalable architectures, including system interfaces, data flows, upstream/downstream dependencies, and third‑party integrations.
  
Providethought leadership on platform modernization, automation, performance optimization, scalability and resilience, drawing from industry best practices and emerging technologies.
  
Own solution governanceacross the delivery lifecycle—ensuring adherence to architecture standards, security guidelines, NFRs, VAPT requirements, compliance controls and audit readiness.
  
Partner with delivery teams to ensurehigh\-quality execution, supporting SIT, UAT, and production readiness through clear requirements, risk identification, and defect root\-cause analysis.
  
Act as amentor and capability builderwithin the BSA and delivery teams, providing guidance on requirement quality, solution thinking, industry patterns and domain knowledge.
  
Supportcontinuous improvement initiativesby analysing production issues, customer journeys, turnaround times, and process bottlenecks to recommend technology and process enhancements.
  
  

**Measures of Success:**  

Timely delivery and adherence to approved budget
  
Release quality and
  
Alignment of IT landscape to overall vision and blue prints
  
Faster, better and cheaper delivery of applications via technology
  
Compliance to Technical principles and standards including NFR’s/VAPT
  
SLA Compliance, RCA and defect repetition
  
Exceptional user(internal/external) experience, automation and operational efficiency by adoption of new cutting\-edge technology solutions to solve business problems
  
Trusted partnership with other departments of IT and business
  
Customer satisfaction ratings
  
  

**Key competencies/skills required:**  

7\-10 years of experience in design development of B2B, B2C applications
  
End to End designing of applications with backend integration
  
Experience on individual life insurance product launches is preferable
  
Have strong ability to trouble shoot the application and interface related problems
  
Experience in addressing scalability performance tuning of applications
  
Passionate Problem Solver and “Can do attitude”, self\-driven with sound communication articulation skills
  
BTech degree from a reputed institute
  
7\-10 years of dev/business analysis experience
  
Should have architected and delivered at least 2\-3 large projects
  
Should be working or should have worked with reputed organizations or startups
  
About Axis Max Life Insurance
  
Axis Max Life Insurance Limited, formerly known as Max Life Insurance Company Ltd., is a Joint Venture between Max Financial Services Limited (“MFSL”) and Axis Bank Limited. Axis Max Life Insurance offers comprehensive protection and long\-term savings life insurance solutions through its multi\-channel distribution, including agency and third\-party distribution partners. It has built its operations over two decades through a need\-based sales process, a customer\-centric approach to engagement and service delivery and trained human capital. As per the annual audited financials for FY2023\-24, Axis Max Life Insurance has achieved a gross written premium of INR 29,529 Cr. For more information, please visit the company website at www.maxlifeinsurance.com.
  
  

\#ComeAsYouAre LGBTQIA\+ and PwD candidates of all ages are encouraged to apply",,https://in.indeed.com/cmp/Axis-Max-Life-Insurance-1,https://d2q79iu7y748jz.cloudfront.net/s/_squarelogo/256x256/0b31dd563429206fd710b2a83eff805d,http://www.maxnewyorklife.com,Gurgaon,"1,001 to 5,000",$1B to $5B (USD),,,,,,,
in-925da822578aca9d,indeed,https://in.indeed.com/viewjob?jk=925da822578aca9d,https://career.axismaxlife.com/axismaxlife/jobview/business-system-analyst-home-office-2026050513324033,Business System Analyst,Axis Max Life Insurance,"Remote, IN",2026-06-22,,,,,,,True,,,,,"Job Description
  
  

Job TitleSpecialist BSALocationGurgaon HODepartmentDigital TechnologyFunctionInformation technologyReporting toSr. Specialist BSA / Lead BSABand4Job Summary
  
Specialist BSAwill play a critical role in bridging business needs with technology solutions to enhance the digital onboarding and issuance experience for customers across Axis MaxLife’s onboarding and issuance applications. Incumbent will be responsible for providing deep technical expertise in designing and delivering end to end high performance, scalable flexible solutions encompassing responsive APIs, application data Integration, scalable databases. Incumbent would be also responsible to experiment, explore and demonstrate application of new technologies by means of conducting quick prototypes to solve business problems. Work with the direction from Solution Architect/ Enterprise Architect and co\-create solutions with rest of the IT delivery teams.
  
  

**Key Responsibilities:**  

Own and manage end‑to‑end Business Analysis responsibilities across the Application / Initiative Development Life Cycle (AIDLC)—from problem discovery, requirements shaping, solution design support, build, testing, rollout, to post‑implementation stabilization.
  
Act as a bridge between business, technology, architecture, and delivery teams, translating complex business needs into clear functional, non‑functional, and data requirements across multiple dependent systems.
  
Lead solution design collaboration with Solution Architects, Tech Leads, and Platform teams, ensuring scalability, security, compliance, and alignment with enterprise architecture standards.
  
Drive cross‑system solutioning spanning onboarding, issuance, underwriting, policy admin, document management, integrations, and external partner systems (B2B/B2C).
  
Evaluate solution options and recommend fit‑for‑purpose designs considering cost, timelines, reusability, risk, and long‑term maintainability.
  
Prepare detailed artifacts such as BRD/FRD, process flows, system interaction diagrams, API contracts, data mappings, and business rules, ensuring traceability across AIDLC stages.
  
Actively manage change impact analysis across systems and processes when introducing new capabilities or enhancements.
  
  

**Support budget management and cost awareness by:**  

Estimating effort and complexity at feature / release level
  
Tracking requirement scope to prevent cost overruns
  
Work closely with program and delivery managers to control scope, leakage, and prioritization within approved budgets and timelines.
  
Provide functional leadership during SIT/UAT, including scenario design, data setup, defect triage, root‑cause analysis, and closure coordination across teams.
  
  

**Measures of Success:**  

Alignment of IT landscape to overall vision and blue prints
  
Faster, better and cheaper delivery of applications via technology
  
Compliance to Technical principles and standards including NFR’s/VAPT
  
SLA Compliance, RCA and defect repetition
  
Exceptional user(internal/external) experience, automation and operational efficiency by adoption of new cutting edge technology solutions to solve business problems
  
Trusted partnership with other departments of IT and business
  
Team Performance, Team Feedback, Healthy working environment
  
Customer satisfaction ratings
  
  

**Key competencies/skills required:**  

5\-8 years of experience in design development of B2B, B2C applications
  
End to End designing of applications with backend integration
  
Experience on individual life insurance product launches is preferable
  
Have strong ability to trouble shoot the application and interface related problems
  
Experience in addressing scalability performance tuning of applications
  
Passionate Problem Solver and “Can do attitude”, self\-driven with sound communication articulation skills
  
BTech degree from a reputed institute
  
5\-8 years of dev/business analysis experience
  
Should have architected and delivered at least 2\-3 large projects
  
Should be working or should have worked with reputed organizations or startups
  
About Axis Max Life Insurance
  
Axis Max Life Insurance Limited, formerly known as Max Life Insurance Company Ltd., is a Joint Venture between Max Financial Services Limited (“MFSL”) and Axis Bank Limited. Axis Max Life Insurance offers comprehensive protection and long\-term savings life insurance solutions through its multi\-channel distribution, including agency and third\-party distribution partners. It has built its operations over two decades through a need\-based sales process, a customer\-centric approach to engagement and service delivery and trained human capital. As per the annual audited financials for FY2023\-24, Axis Max Life Insurance has achieved a gross written premium of INR 29,529 Cr. For more information, please visit the company website at www.maxlifeinsurance.com.
  
  

\#ComeAsYouAre LGBTQIA\+ and PwD candidates of all ages are encouraged to apply",,https://in.indeed.com/cmp/Axis-Max-Life-Insurance-1,https://d2q79iu7y748jz.cloudfront.net/s/_squarelogo/256x256/0b31dd563429206fd710b2a83eff805d,http://www.maxnewyorklife.com,Gurgaon,"1,001 to 5,000",$1B to $5B (USD),,,,,,,
in-97cdc370254a3a6f,indeed,https://in.indeed.com/viewjob?jk=97cdc370254a3a6f,http://in.indeed.com/job/pre-sales-research-analyst-97cdc370254a3a6f,Pre-Sales Research Analyst,,"Remote, IN",2026-06-22,fulltime,,,,,,True,,,,,"**Key Responsibilities Lead Research \& Prospecting**

* Research and identify potential clients based on target market criteria.
* Build and maintain prospect databases using LinkedIn, company websites, industry directories, and online databases.
* Verify contact information including decision\-makers, emails, phone numbers, and company details.
* Segment prospects based on industry, company size, geography, and business needs.

**Sales Intelligence \& Market Research**

* Conduct company profiling and competitive analysis.
* Research industry trends, market opportunities, and customer pain points.
* Identify triggers such as funding announcements, expansions, leadership changes, or acquisitions that create sales opportunities.
* Prepare prospect briefs for the sales team before outreach.

**Appointment Setting Support**

* Develop targeted prospect lists for appointment setters.
* Assist in creating personalized outreach strategies.
* Track prospect engagement and update CRM systems.
* Support follow\-up campaigns and nurture activities.

**CRM \& Data Management**

* Maintain accurate records in CRM platforms (HubSpot, Salesforce, Zoho, etc.).
* Ensure lead data quality and completeness.
* Generate reports on lead generation activities and campaign performance.

**Collaboration**

* Work closely with sales, marketing, and business development teams.
* Participate in sales strategy discussions and campaign planning.
* Provide feedback on lead quality and market opportunities.

**Required Qualifications**

* Bachelor's degree in Business, Marketing, Communications, or related field (preferred).
* 1\-3 years of experience in lead generation, sales research, appointment setting, or business development support.
* Strong internet research and data analysis skills.
* Experience using LinkedIn Sales Navigator, Apollo, ZoomInfo, Crunchbase, or similar tools.
* Familiarity with CRM systems such as Salesforce, HubSpot, or Zoho.
* Excellent written and verbal communication skills.
* Strong organizational skills and attention to detail.

**Preferred Skills**

* B2B sales and prospecting experience min 1 year.
* Knowledge of healthcare, technology, SaaS, or senior care industries.
* Experience with email outreach tools and marketing automation platforms.
* Understanding of sales funnels and lead qualification frameworks
* Ability to work independently and meet deadlines.

**Key Performance Indicators (KPIs)**

* Number of qualified leads generated per month.
* Accuracy of prospect data.
* Number of appointments booked from researched leads.
* Lead\-to\-appointment conversion rate.
* CRM data quality score.
* Sales team satisfaction with lead quality.

Pay: ₹200,000\.00 \- ₹300,000\.00 per year

Benefits:

* Paid time off
* Work from home

Application Question(s):

* Do you have experience in a Pre\-Sales Research profile? Please describe your experience.
* How many years of experience do you have in B2B Sales?
* Do you have experience with CRM systems? If yes, which ones have you used?
* Examples: Salesforce, HubSpot, Zoho CRM, Microsoft Dynamics 365, Pipedrive
* How would you rate your English communication skills (written and verbal) on a scale of 1–10?
* What is your current CTC (Cost to Company)?
* What is your expected CTC?
* What is your notice period, or how soon can you join?
* What tools have you used for prospect research?
* Examples: LinkedIn Sales Navigator, Apollo.io, ZoomInfo
* Have you worked with international clients or markets?

Work Location: Remote",,https://in.indeed.comNone,,,,,,,,,,,,
in-08d9524d857b35c1,indeed,https://in.indeed.com/viewjob?jk=08d9524d857b35c1,http://in.indeed.com/job/investment-analyst-fund-selection-manager-research-due-diligence-08d9524d857b35c1,"Investment Analyst (Fund Selection, Manager Research & Due Diligence)",VaR Value Research & Media GmbH,"Remote, IN",2026-06-22,fulltime,,,,,,True,,,,,"**About FundFinity**

FundFinity is VaR's specialist third\-party marketing (TPM) firm bringing best\-in\-class international asset managers to institutional and wholesale investors, across both liquid (open\-ended: credit, EM, equities, fixed income) and illiquid strategies (closed\-end / private markets: infrastructure debt, CLOs, real assets, alternatives). Small, senior, AI\-enabled team — not a KPO.

**The Role**

As Investment Analyst (independent contractor), you own the analytical work at the core of our business: screening and researching asset managers, running our AI\-assisted fund triage, driving due diligence, and authoring the research and proposals that win mandates. Across both liquid and illiquid strategies. Human\-in\-the\-loop: our AI agents handle throughput; you provide the judgement, quality control and final word.

**What you'll do**

* Asset manager research
* AI\-assisted fund triage
* Deep\-dive investment research
* Drive the DDQ process and analyse data\-room material with AI
* Author client\-facing proposals in flawless English

**Must\-haves**

* 3–5 years in buy\-side support, manager research, ODD/IDD, or investment research
* Genuine exposure across both liquid and illiquid strategies
* Strong financial modelling
* Exceptional written English
* High AI fluency
* Self\-directed

**This is not for you if**

* You're a pure sell\-side equity analyst with no liquid/illiquid breadth
* You're primarily a salesperson
* You need detailed supervision

**Nice\-to\-haves**

* Experience supporting international clients (manager\-research firm, KPO, wealth manager)
* Hands\-on alternatives / private\-market exposure
* German a bonus

**Ideal qualifications**

* CFA (L3 candidate or charterholder) preferred, a plus rather than a hard requirement depending on fit
* CAIA a plus
* FRM/MBA welcome
* Demonstrated output and writing quality outweigh certificates

**What we offer**

* Varied senior work across liquid and illiquid strategies
* Direct founder relationship and real ownership
* A front\-row seat building an AI\-augmented research engine
* Remote flexibility

**Please note:** This role is offered on an independent contractor basis.

**How to apply**

Send the following to jobs(at)valueresearch.io

(1\) CV

(2\) a short note (max 200\-300 words) on the most interesting fund or manager you've researched, and why

(3\) one writing sample you authored (redacted fine).

Shortlisted candidates complete a short work task and interviews before any offer.

Benefits:

* Flexible schedule
* Work from home

Application Question(s):

* Please briefly describe your experience in investment research, manager research, fund selection, due diligence (IDD/ODD), and DDQ work. Include years of experience in each area where applicable.
* Please briefly describe your experience producing investment\-related written materials in English (if any).
* What is your expected annual compensation?

Work Location: Remote",Telecommunications,https://in.indeed.com/cmp/Var-Value-Research-&-Media-Gmbh-1,https://d2q79iu7y748jz.cloudfront.net/s/_squarelogo/256x256/bd88263c95f9cdc51040f918a74c3c6f,https://valueresearch.io/,,2 to 10,,"Financial Media for the Digital Age - VaR is a digital media holding company. We are specialised in the development, production and marketing of innovative financial media.",,,,,,
in-84edd048664dc391,indeed,https://in.indeed.com/viewjob?jk=84edd048664dc391,https://career.axismaxlife.com/axismaxlife/jobview/business-system-analyst-home-office-2026042317055685,Business System Analyst,Axis Max Life Insurance,"Remote, IN",2026-06-22,,,,,,,True,,,,,"Job Description
  
  

Job TitleSpecialist BSALocationGurgaon HODepartmentDigital TechnologyFunctionInformation technologyReporting toSr. Specialist BSA / Lead BSABand4Job Summary
  
Specialist BSA will play a critical role in bridging business needs with technology solutions to enhance the digital onboarding and issuance experience for customers across Axis MaxLife’s onboarding and issuance applications. Incumbent will be responsible for providing deep technical expertise in designing and delivering end to end high performance, scalable flexible solutions encompassing responsive APIs, application data Integration, scalable databases. Incumbent would be also responsible to experiment, explore and demonstrate application of new technologies by means of conducting quick prototypes to solve business problems. Work with the direction from Solution Architect/ Enterprise Architect and co\-create solutions with rest of the IT delivery teams.
  
  

**Key Responsibilities:**  

Own and manage end‑to‑end Business Analysis responsibilities across the Application / Initiative Development Life Cycle (AIDLC)—from problem discovery, requirements shaping, solution design support, build, testing, rollout, to post‑implementation stabilization.
  
Act as a bridge between business, technology, architecture, and delivery teams, translating complex business needs into clear functional, non‑functional, and data requirements across multiple dependent systems.
  
Lead solution design collaboration with Solution Architects, Tech Leads, and Platform teams, ensuring scalability, security, compliance, and alignment with enterprise architecture standards.
  
Drive cross‑system solutioning spanning onboarding, issuance, underwriting, policy admin, document management, integrations, and external partner systems (B2B/B2C).
  
Evaluate solution options and recommend fit‑for‑purpose designs considering cost, timelines, reusability, risk, and long‑term maintainability.
  
Prepare detailed artifacts such as BRD/FRD, process flows, system interaction diagrams, API contracts, data mappings, and business rules, ensuring traceability across AIDLC stages.
  
Actively manage change impact analysis across systems and processes when introducing new capabilities or enhancements.
  
  

**Support budget management and cost awareness by:**  

Estimating effort and complexity at feature / release level
  
Tracking requirement scope to prevent cost overruns
  
Work closely with program and delivery managers to control scope, leakage, and prioritization within approved budgets and timelines.
  
Provide functional leadership during SIT/UAT, including scenario design, data setup, defect triage, root‑cause analysis, and closure coordination across teams.
  
  

**Measures of Success:**  

Alignment of IT landscape to overall vision and blue prints
  
Faster, better and cheaper delivery of applications via technology
  
Compliance to Technical principles and standards including NFR’s/VAPT
  
SLA Compliance, RCA and defect repetition
  
Exceptional user(internal/external) experience, automation and operational efficiency by adoption of new cutting edge technology solutions to solve business problems
  
Trusted partnership with other departments of IT and business
  
Team Performance, Team Feedback, Healthy working environment
  
Customer satisfaction ratings
  
  

**Key competencies/skills required:**  

5\-8 years of experience in design development of B2B, B2C applications
  
End to End designing of applications with backend integration
  
Experience on individual life insurance product launches is preferable
  
Have strong ability to trouble shoot the application and interface related problems
  
Experience in addressing scalability performance tuning of applications
  
Passionate Problem Solver and “Can do attitude”, self\-driven with sound communication articulation skills
  
BTech degree from a reputed institute
  
5\-8 years of dev/business analysis experience
  
Should have architected and delivered at least 2\-3 large projects
  
Should be working or should have worked with reputed organizations or startups
  
About Axis Max Life Insurance
  
Axis Max Life Insurance Limited, formerly known as Max Life Insurance Company Ltd., is a Joint Venture between Max Financial Services Limited (“MFSL”) and Axis Bank Limited. Axis Max Life Insurance offers comprehensive protection and long\-term savings life insurance solutions through its multi\-channel distribution, including agency and third\-party distribution partners. It has built its operations over two decades through a need\-based sales process, a customer\-centric approach to engagement and service delivery and trained human capital. As per the annual audited financials for FY2023\-24, Axis Max Life Insurance has achieved a gross written premium of INR 29,529 Cr. For more information, please visit the company website at www.maxlifeinsurance.com.
  
  

\#ComeAsYouAre LGBTQIA\+ and PwD candidates of all ages are encouraged to apply",,https://in.indeed.com/cmp/Axis-Max-Life-Insurance-1,https://d2q79iu7y748jz.cloudfront.net/s/_squarelogo/256x256/0b31dd563429206fd710b2a83eff805d,http://www.maxnewyorklife.com,Gurgaon,"1,001 to 5,000",$1B to $5B (USD),,,,,,,
in-37d3a11c81f759f7,indeed,https://in.indeed.com/viewjob?jk=37d3a11c81f759f7,https://career.axismaxlife.com/axismaxlife/jobview/manager-business-intelligence-and-insights-group-home-office-2026051310485316,Manager - Business Intelligence and Insights Group,Axis Max Life Insurance,"Remote, IN",2026-06-22,,,,,,,True,,,,,"JOB SUMMARY
  
  

Define the vision and roadmap for business intelligence team and champion data culture within Axis Max Life.
  
Lead and enable transformation to embrace automation and providing concise real\-time insights.
  
Responsible for delivery of accurate and timely reports / dashboards.
  
Coach and mentor the team to continuously improve skills and capabilities.
  
Lead a team of 5\+ professionals, including partners.
  
  

KEY RESPONSIBILITIES
  
Handle non distribution reporting requirements across functions and job families for enabling strategic priorities and performance management. Responsibilities also include supporting CXO reports and dashboards
  
Managing ongoing projects and initiatives with proper tracking and stake holder management.
  
Ensure timely accurate delivery of reporting across functions and roles.
  
Proactively identify opportunities to automate reporting requirements and build delivery capabilities on digital information assets in liaison with technology function. Integrate analytics with reporting assets.
  
Drive data democratization culture by designing data assets.
  
Collaborate to design and build data products for non distribution teams.
  
Partner with data team to build data infrastructure necessary to facilitate efficient analysis, reporting and is relevant with the needs of the organization.
  
Develop, coach and mentor team to become best in class business intelligence team.
  
  

**Education:** Master’s degree (M. Sc., M. Tech., MBA or any quantitative field)
  
  

**Experience:**  

Financial services exposure is desirable and preferred.
  
Project Management. Python MS\-Office
  
Atleast 7\-8 years of relevant experience in working in business reporting teams.
  
  

Key competencies/skills required
  
  

Demonstrated experience of working with senior leadership / management.
  
Experience in standardizing, streamlining and automating business reporting.
  
Technical proficiency in BI tech stack – PowerBI, SQL Server reporting services, SAP BO, Python etc.
  
Project Management.
  
Have experience with open source BI tools.
  
Well versed with data architecture / data warehousing / data lakes.
  
Domain understanding of BFSI industry.
  
Excellent interpersonal skills, strong verbal and written communication skills.",,https://in.indeed.com/cmp/Axis-Max-Life-Insurance-1,https://d2q79iu7y748jz.cloudfront.net/s/_squarelogo/256x256/0b31dd563429206fd710b2a83eff805d,http://www.maxnewyorklife.com,Gurgaon,"1,001 to 5,000",$1B to $5B (USD),,,,,,,
li-4429818535,linkedin,https://www.linkedin.com/jobs/view/4429818535,,Business Intelligence Analyst,Minimalist,"Jaipur, Rajasthan, India",2026-06-24,,,,,,,False,,,,,,,https://in.linkedin.com/company/beminimalist,,,,,,,,,,,,
li-4432406589,linkedin,https://www.linkedin.com/jobs/view/4432406589,,Data Analyst,Blossom,,2026-06-23,,,,,,,False,,,,,,,https://www.linkedin.com/company/blossomplatform,,,,,,,,,,,,
li-4431274028,linkedin,https://www.linkedin.com/jobs/view/4431274028,,Junior Data Analyst,Caterpillar Inc.,"Houston, TX",2026-06-23,,,,,,,False,,,,,,,https://www.linkedin.com/company/caterpillar-inc,,,,,,,,,,,,
li-4432214167,linkedin,https://www.linkedin.com/jobs/view/4432214167,,Data Analyst,Haystack,"Vienna, Vienna, Austria",2026-06-23,,,,,,,False,,,,,,,https://uk.linkedin.com/company/wearehaystack,,,,,,,,,,,,
li-4429446768,linkedin,https://www.linkedin.com/jobs/view/4429446768,,Data Analyst - Alternance,Boursorama,"Boulogne-Billancourt, Île-de-France, France",2026-06-23,,,,,,,False,,,,,,,https://fr.linkedin.com/company/boursobank,,,,,,,,,,,,
li-4428918417,linkedin,https://www.linkedin.com/jobs/view/4428918417,,Data Analyst (Excel) - Remote,YO HR Consultancy,,2026-06-23,,,,,,,True,,,,,,,https://in.linkedin.com/company/yo-hr-consultancy-pvt-ltd,,,,,,,,,,,,
li-4432212170,linkedin,https://www.linkedin.com/jobs/view/4432212170,,Data Analyst,Haystack,,2026-06-23,,,,,,,False,,,,,,,https://uk.linkedin.com/company/wearehaystack,,,,,,,,,,,,
li-4431206551,linkedin,https://www.linkedin.com/jobs/view/4431206551,,Data Analyst (W2 only),Innovatech Staffing,,2026-06-23,,,,,,,False,,,,,,,https://www.linkedin.com/company/innovatech-staffing,,,,,,,,,,,,
li-4432081314,linkedin,https://www.linkedin.com/jobs/view/4432081314,,Business Data Analyst,Heitmeyer Consulting,,2026-06-23,,,,,,,False,,,,,,,https://www.linkedin.com/company/heitmeyer-consulting,,,,,,,,,,,,
li-4431401702,linkedin,https://www.linkedin.com/jobs/view/4431401702,,Data Analyst/Bi Analyst,ImpetusIT,"Austin, TX",2026-06-23,,,,,,,False,,,,,,,https://www.linkedin.com/company/impetusit,,,,,,,,,,,,
li-4431299907,linkedin,https://www.linkedin.com/jobs/view/4431299907,,"Data Analyst (Looker, SQL, BigQuery)",Quote.com,,2026-06-23,,,,,,,False,,,,,,,https://www.linkedin.com/company/quote,,,,,,,,,,,,
li-4428915445,linkedin,https://www.linkedin.com/jobs/view/4428915445,,Data Analyst (Excel) - Remote,YO HR Consultancy,,2026-06-23,,,,,,,True,,,,,,,https://in.linkedin.com/company/yo-hr-consultancy-pvt-ltd,,,,,,,,,,,,
li-4431299640,linkedin,https://www.linkedin.com/jobs/view/4431299640,,Data Analyst,Insight Global,"Tarrytown, NY",2026-06-23,,,,,,,False,,,,,,,https://www.linkedin.com/company/insight-global,,,,,,,,,,,,
li-4431292770,linkedin,https://www.linkedin.com/jobs/view/4431292770,,Data Analyst,Robert Half,,2026-06-23,,,,,,,False,,,,,,,https://www.linkedin.com/company/robert-half-international,,,,,,,,,,,,
li-4432207349,linkedin,https://www.linkedin.com/jobs/view/4432207349,,Senior Data Analyst,LexisNexis,"London Area, United Kingdom",2026-06-23,,,,,,,False,,,,,,,https://www.linkedin.com/company/lexisnexis,,,,,,,,,,,,
li-4432230863,linkedin,https://www.linkedin.com/jobs/view/4432230863,,Data Governance Analyst - Barcelona O Madrid,InnoIT Consulting,"Barcelona, Catalonia, Spain",2026-06-23,,,,,,,False,,,,,,,https://es.linkedin.com/company/innoit-consulting,,,,,,,,,,,,
li-4432245741,linkedin,https://www.linkedin.com/jobs/view/4432245741,,AI Data Reviewer | $40/hr Remote,Crossing Hurdles,,2026-06-23,,,,,,,True,,,,,,,https://www.linkedin.com/company/crossinghurdles,,,,,,,,,,,,
li-4431202861,linkedin,https://www.linkedin.com/jobs/view/4431202861,,BI / DATA & FRAUD ANALYST,IGTalents,,2026-06-23,,,,,,,False,,,,,,,https://www.linkedin.com/company/igtalents,,,,,,,,,,,,
li-4429464718,linkedin,https://www.linkedin.com/jobs/view/4429464718,,FBS - Predictive Analyst II,Capgemini,,2026-06-23,,,,,,,False,,,,,,,https://fr.linkedin.com/company/capgemini,,,,,,,,,,,,
li-4432237767,linkedin,https://www.linkedin.com/jobs/view/4432237767,,AI Data Reviewer | $40/hr Remote,Crossing Hurdles,,2026-06-23,,,,,,,True,,,,,,,https://www.linkedin.com/company/crossinghurdles,,,,,,,,,,,,
li-4432217793,linkedin,https://www.linkedin.com/jobs/view/4432217793,,Senior Data Analyst,TechShack,,2026-06-23,,,,,,,False,,,,,,,https://uk.linkedin.com/company/techshackltd,,,,,,,,,,,,
li-4429466801,linkedin,https://www.linkedin.com/jobs/view/4429466801,,FBS - Predictive Analyst II,Capgemini,,2026-06-23,,,,,,,False,,,,,,,https://fr.linkedin.com/company/capgemini,,,,,,,,,,,,
li-4432284148,linkedin,https://www.linkedin.com/jobs/view/4432284148,,Data Analyst,SQUAD,"Kyiv, Kyiv City, Ukraine",2026-06-23,,,,,,,False,,,,,,,https://cy.linkedin.com/company/squad-tech-rnd,,,,,,,,,,,,
li-4429457552,linkedin,https://www.linkedin.com/jobs/view/4429457552,,Business Data Analyst,Absolute IT,,2026-06-23,,,,,,,False,,,,,,,https://nz.linkedin.com/company/absolute-it,,,,,,,,,,,,
li-4432242782,linkedin,https://www.linkedin.com/jobs/view/4432242782,,AI Data Reviewer | $40/hr Remote,Crossing Hurdles,,2026-06-23,,,,,,,True,,,,,,,https://www.linkedin.com/company/crossinghurdles,,,,,,,,,,,,
li-4432447530,linkedin,https://www.linkedin.com/jobs/view/4432447530,,Analista de Performance JR,iFood,,2026-06-23,,,,,,,False,,,,,,,https://br.linkedin.com/company/ifood-,,,,,,,,,,,,
li-4432430859,linkedin,https://www.linkedin.com/jobs/view/4432430859,,Manager- Process Mining,DHL Freight,,2026-06-23,,,,,,,False,,,,,,,https://de.linkedin.com/company/dhl-freight,,,,,,,,,,,,
li-4431297417,linkedin,https://www.linkedin.com/jobs/view/4431297417,,Data Analyst,Haystack,"Greater Birmingham, Alabama Area",2026-06-23,,,,,,,False,,,,,,,https://uk.linkedin.com/company/wearehaystack,,,,,,,,,,,,
li-4432456181,linkedin,https://www.linkedin.com/jobs/view/4432456181,,Market & Data Analyst,Dangote Petroleum & Petrochemicals,,2026-06-23,,,,,,,False,,,,,,,https://www.linkedin.com/company/dangote-petroleum-petrochemicals,,,,,,,,,,,,
li-4428967835,linkedin,https://www.linkedin.com/jobs/view/4428967835,,Data Analyst (Excel),Great Value Hiring,,2026-06-22,,,,,,,False,,,,,,,https://in.linkedin.com/company/greatvaluehiring,,,,,,,,,,,,
li-4431676491,linkedin,https://www.linkedin.com/jobs/view/4431676491,,"Data Analyst, Business Intelligence",AgileOne,,2026-06-22,,,,,,,False,,,,,,,https://www.linkedin.com/company/agileone,,,,,,,,,,,,
li-4432026031,linkedin,https://www.linkedin.com/jobs/view/4432026031,,Junior Data Analyst,Hypersonix Inc.,,2026-06-22,,,,,,,False,,,,,,,https://www.linkedin.com/company/hypersonix-ai,,,,,,,,,,,,
li-4431785256,linkedin,https://www.linkedin.com/jobs/view/4431785256,,Data Analyst,Fusemachines,"Pune Division, Maharashtra, India",2026-06-22,,,,,,,False,,,,,,,https://www.linkedin.com/company/fusemachines,,,,,,,,,,,,
li-4429405015,linkedin,https://www.linkedin.com/jobs/view/4429405015,,Data Analyst,Careerscape,,2026-06-22,,,,,,,False,,,,,,,https://www.linkedin.com/company/careerscape-recruiters,,,,,,,,,,,,
li-4431721377,linkedin,https://www.linkedin.com/jobs/view/4431721377,,Data Analyst,Winaxis LLC,,2026-06-22,,,,,,,False,,,,,,,https://www.linkedin.com/company/winaxis-llc,,,,,,,,,,,,
li-4430554002,linkedin,https://www.linkedin.com/jobs/view/4430554002,,Data Analyst,La Fosse,"Greater London, England, UK",2026-06-22,,,,,,,False,,,,,,,https://uk.linkedin.com/company/la-fosse,,,,,,,,,,,,
li-4431743573,linkedin,https://www.linkedin.com/jobs/view/4431743573,,Data Analyst,City of Pittsburgh,"Pittsburgh, PA",2026-06-22,,,,,,,False,,,,,,,https://www.linkedin.com/company/city-of-pittsburgh,,,,,,,,,,,,
li-4432866996,linkedin,https://www.linkedin.com/jobs/view/4432866996,,Data Analyst,Saragossa,,,,,,,,,False,,,,,,,https://uk.linkedin.com/company/saragossa,,,,,,,,,,,,
li-4431850124,linkedin,https://www.linkedin.com/jobs/view/4431850124,,Data Analyst,iConsultera,,,,,,,,,False,,,,,,,https://in.linkedin.com/company/iconsultera,,,,,,,,,,,,
li-4432874355,linkedin,https://www.linkedin.com/jobs/view/4432874355,,Data Analyst,Helic & Co,,,,,,,,,False,,,,,,,https://ca.linkedin.com/company/helic-co,,,,,,,,,,,,
li-4432816643,linkedin,https://www.linkedin.com/jobs/view/4432816643,,Remote Data Analyst,Turing,"Hyderabad, Telangana, India",,,,,,,,True,,,,,,,https://www.linkedin.com/company/turingcom,,,,,,,,,,,,
li-4432559688,linkedin,https://www.linkedin.com/jobs/view/4432559688,,Data Analyst,Outsource UK,"Preston, England, UK",,,,,,,,False,,,,,,,https://uk.linkedin.com/company/outsource-uk-limited,,,,,,,,,,,,
li-4432566047,linkedin,https://www.linkedin.com/jobs/view/4432566047,,Data Analyst,Sundayy,,,,,,,,,False,,,,,,,https://www.linkedin.com/company/sundayyglobal,,,,,,,,,,,,
li-4433002236,linkedin,https://www.linkedin.com/jobs/view/4433002236,,Data Analyst Intern,NuvoAir Medical,,,,,,,,,False,,,,,,,https://www.linkedin.com/company/nuvoair,,,,,,,,,,,,
li-4432568269,linkedin,https://www.linkedin.com/jobs/view/4432568269,,Data Analyst,SGF Global,,,,,,,,,False,,,,,,,https://www.linkedin.com/company/sgf-global,,,,,,,,,,,,
li-4423920354,linkedin,https://www.linkedin.com/jobs/view/4423920354,,CVM Analyst,Circles,"Islamabad, Islāmābād, Pakistan",,,,,,,,False,,,,,,,https://sg.linkedin.com/company/circles1,,,,,,,,,,,,
li-4423943289,linkedin,https://www.linkedin.com/jobs/view/4423943289,,SHIPPING PERFORMANCE ANALYST (LNG VESSELS),QatarEnergy,"Doha, Doha, Qatar",,,,,,,,False,,,,,,,https://qa.linkedin.com/company/qatarenergy,,,,,,,,,,,,
li-4417045897,linkedin,https://www.linkedin.com/jobs/view/4417045897,,Data Analytics & Engineering Specialist,Fugro,"Navi Mumbai, Maharashtra, India",,,,,,,,False,,,,,,,https://nl.linkedin.com/company/fugro,,,,,,,,,,,,
li-4432525797,linkedin,https://www.linkedin.com/jobs/view/4432525797,,Data Analyst,HeyRCG!,"Denpasar, Bali, Indonesia",,,,,,,,False,,,,,,,https://au.linkedin.com/company/heyrcg,,,,,,,,,,,,
li-4413279281,linkedin,https://www.linkedin.com/jobs/view/4413279281,,Data Analyst,Booz Allen Hamilton,"Honolulu, HI",,,,,,,,False,,,,,,,https://www.linkedin.com/company/booz-allen-hamilton,,,,,,,,,,,,
